# path	element	tier	cost	kind	category	name	description
absolute_zero	frost	3	18.0	harmful	control	Absolute Zero	Slowness IV for 3 seconds. A target showing signs of cold (slowed, brittle, frozen skin, held) freezes solid and takes damage for each: 4.5 for one, 7 for two, 9.5 for three, 12 for four, and is held 1.5 to 3 seconds (half as long on players), then not again until 3 seconds after it thaws.
accelerate	time	3	14.0	helpful	time	Accelerate	Time runs faster for 10 seconds: Speed II, Haste III, Jump Boost II and Regeneration, and your spells charge 40% faster and your bolts and arcs fly 50% faster.
accord	arcane	4	34.0	world	world	Accord	Enemies within 16 blocks are pacified for 10 seconds and no monster spawns there meanwhile. Not bosses.
aegis	arcane	4	36.0	helpful	support	Aegis	You and allies within 6 blocks take half damage and none from missiles for 6 seconds. Rests 2 minutes.
aftercare	earth	2	9.0	helpful	support	Aftercare	For 15 seconds, each time the target is hurt it heals 1 a second later, 6 in all.
aftershock	earth	2	9.0	harmful	damage	Aftershock	5 damage, then half a second later the same spot is struck again for 5: whoever is still there takes it.
agestone	earth	2	5.0	world	world	Agestone	Ages masonry near the point: moss on cobblestone and stone bricks, cracks in deep bricks. 9 at most.
air_pocket	frost	1	2.0	helpful	support	Air Pocket	Refills your air.
anchor	void	1	4.0	helpful	support	Anchor	Holds you fast for 15 seconds: blows and blasts can't knock you back, no spell can move you, and 4 more armour (8 once you've stood still a second).
ancient_seed	life	1	4.0	world	world	Ancient Seed	Plants an ancient seed at the point: a torchflower or pitcher plant blooms, and crops within 4 blocks grow a stage now and every 3 seconds for 12 seconds more.
angler_lure	frost	1	3.0	world	world	Angler's Lure	Your fishing bobber within 32 blocks: the wait for a bite is cut in half, leaving at least 1 second. Once per bobber.
appraise	arcane	1	1.0	world	world	Appraise	Reads a villager: their trade, their level, and how many of their trades are sold out.
arrowveil	wind	2	12.0	world	world	Arrowveil	A 4-block dome for 10 seconds: enemy missiles inside drop out of the air.
ashen_mercy	life	3	16.0	helpful	damage	Ashen Mercy	Extinguishes an ally and removes harmful conditions, converting only actual conditions removed into at most four restored health. Gives five seconds of heat protection. At most eight allies, once per target and paid cast; clean targets receive no healing.
ashen_veil	fire	3	14.0	helpful	support	Ashen Veil	Wreathes the target in ash for 10 seconds: fire can't hurt it, and whatever strikes it up close is set alight for 4 seconds and blinded by the ash for a second.
avalanche	frost	3	18.0	harmful	damage	Avalanche	Snow and ice crash down round where it lands: 6 damage to every enemy within 3 blocks (half again on a bare head), buried in snow (Slowness III for 3 seconds). Drifts of snow lie where it fell for 10 seconds.
axolotl_kinship	frost	2	6.0	world	world	Axolotl Kinship	Axolotls within 12 blocks are healed and follow you for 30 seconds.
bait_blessing	arcane	1	4.0	helpful	support	Bait Blessing	Luck for 60 seconds, Luck II with Amplify. Fishing reads your luck, so better catches come a little more often.
bakehouse	fire	1	3.0	world	world	Bakehouse	Bakes from your inventory: three wheat into bread, then a pumpkin, sugar and an egg into a pie. Up to 4 bakes (8 at double power).
banish	void	2	8.0	harmful	control	Banish	Banishes targets: they vanish and reappear up to 8 blocks further away from you, dazed.
barkhide	earth	2	8.0	helpful	support	Barkhide	Skin like old oak: Resistance I for 12 seconds.
barkstrip	earth	1	2.0	world	world	Barkstrip	Strips the bark off the logs and wood in a 5-by-5-by-5 block around the point, as an axe would.
barnwarmth	fire	1	3.0	world	world	Barnwarmth	A hearth's warmth heals the farm animals and your pets within 5 blocks by 4 (more with power).
barrier	arcane	1	6.0	helpful	support	Barrier	A thin barrier of light: 2 absorption hearts for 20 seconds.
basalt_surge	earth	3	18.0	harmful	damage	Basalt Surge	Basalt columns burst up in a line from you to the point: 7 damage and a toss into the air for everything along it.
basinfill	frost	1	6.0	world	world	Basinfill	Fills an enclosed, one-block-deep hole with permanent source water: at most 16 connected cells, within three blocks of the impact. Aim at its floor with Touch or Bolt. Refuses open edges, deep pits, protected ground and the Nether. One basin per paid cast.
beacon_swell	arcane	3	12.0	world	support	Beacon Swell	Beacons within 16 blocks reach half again as far for 60 seconds.
beastguard	arcane	1	6.0	helpful	support	Beastguard	Your pet, mount or a farm animal gets Resistance II and Fire Resistance for 60 seconds.
beeline	wind	2	6.0	movement	movement	Beeline	You zip straight ahead like a bee to a flower, about 6 blocks, and land without a fall.
bellward	arcane	3	18.0	world	world	Bellward	For 2 minutes villagers within 12 blocks take 60% less damage from monsters, and monsters there glow.
berrybless	earth	1	4.0	world	world	Berrybless	Sweet berry bushes in a 5-by-5 patch ripen to full, and the glow berry vines among them come into fruit.
black_ice	frost	3	16.0	harmful	control	Black Ice	Freezes targets for 1.5 seconds (1 on players) and leaves them weak (Weakness II for 5 seconds). One that dies in the next 5 seconds shatters: 4 damage to enemies within 3 blocks, which turn brittle in their turn.
blackflame	void	3	18.0	harmful	damage	Blackflame	Black flames that water can't put out: 3 damage a second for 6 seconds. If the target dies burning, they spread.
blackspark	void	3	16.0	harmful	damage	Blackspark	8 damage. One hit in four sparks black: 2.5x damage, an arc of 8 to the nearest other enemy, and you're in the zone (Strength and Speed) for 6 seconds.
blastward	earth	2	10.0	world	world	Blastward	For 60 seconds explosions within 6 blocks break no blocks.
blazecall	fire	2	11.0	harmful	damage	Blazecall	Three blaze fireballs fall on each target over a second: 3 fire damage each, setting it alight and staggering it.
bleed	blood	2	8.0	harmful	damage	Bleed	Opens a wound: 2 damage, then 1 more every half second for 4 seconds (half as much again while it moves).
blind	void	1	5.0	harmful	control	Blind	Blindness and darkness for 5 seconds (3 on players). A blinded monster lashes out at whatever stands next to it.
blink	void	3	15.0	movement	movement	Blink	Teleports you to where the spell landed (max 40 blocks).
blizzard	frost	3	18.0	harmful	control	Blizzard	A blizzard howls 3 blocks around where it lands for 4 seconds, walking 6 blocks the way you faced: enemies in it are slowed (Slowness II), chilled and take 1.5 damage a second.
blockpack	earth	1	3.0	world	world	Block Pack	Crafts nine of a kind in your pack into their block, like iron ingots into an iron block. 8 blocks at most.
blood_escrow	blood	3	14.0	helpful	damage	Blood Escrow	Spend up to three actual health, never below four, to buy one ally a six-second absorption chamber. Crouching or an existing ward refuses. One gift per payment; no refund or renewal.
blood_moss	blood	2	10.0	harmful	damage	Blood Moss	Crimson moss spreads over each target: 1 damage a second for 6 seconds, and the most wounded of you and your allies nearby heals for all of it.
blood_thread	blood	1	10.0	harmful	innate	Blood Thread	Threads everything hit together (4 at most) for 8 seconds: 40% of any damage one of them takes is dealt to each of the rest (three times a second at most).
bloodboil	blood	3	16.0	harmful	damage	Bloodboil	3 damage, and for 5 seconds the target's blood boils: each time it's hurt it takes 2 more fire damage (up to 5 times).
bloom	life	3	14.0	helpful	support	Bloom	Regeneration II for 6 seconds, plants grow around the first 3 allies it touches, and allies near them catch Regeneration I for 5.
bloomstep	life	3	14.0	movement	movement	Bloomstep	Steps you through a door of blossoms to where the spell landed (up to 32 blocks). Grass and flowers spring up where you left and where you arrive, and you and your allies within 3 blocks of where you arrive get Regeneration I for 5 seconds.
bobber_bell	arcane	1	2.0	world	world	Bobber Bell	For 60 seconds your bobber rings and splashes when a fish bites.
boiling_surge	fire	3	19.0	harmful	damage	Boiling Surge	Lifts nearby real water through a scalding arc, returning each source afterwards. Each enemy takes 5 damage once and two seconds of Weakness. Original steam curls trace the crest.
bonespur	earth	3	16.0	harmful	damage	Bonespur	Spurs of bone burst from the ground under up to 4 enemies within 4 blocks: 5 damage each, and they bleed for 3 seconds.
borrowed_time	time	1	14.0	helpful	innate	Borrowed Time	Heals the damage you took in the last 5 seconds, as much as you're missing. Over the next 10 seconds it comes back with a fifth on top, but never kills you, unless you slay a monster.
brace	earth	1	4.0	helpful	support	Brace	Braces for the blow: 80% less damage for 2 seconds. Bracing again takes 6 seconds.
bramble	life	1	6.0	helpful	support	Bramble	Thorns for 10 seconds: the next 4 things that hurt you from within 4 blocks take 3 damage and are shoved away.
break	earth	2	4.0	world	world	Break	Mines the block that was hit (up to iron-pickaxe hardness; Amplify for diamond).
brickwork	earth	2	5.0	world	world	Brickwork	Cuts stone near the point into its bricks. 9 at most.
brimming	frost	1	2.0	world	world	Brimming	Fills up to 4 cauldrons within 4 blocks of the point with water.
bubble	frost	2	9.0	harmful	control	Bubble	Traps targets in a floating bubble that pops for 4 damage and leaves them soaked. It holds small creatures 2.5 seconds, bigger ones 2, the largest 1.5.
buttonpush	storm	1	2.0	world	world	Button Push	Presses up to 4 buttons near the point.
calmsmoke	fire	1	3.0	world	world	Calm Smoke	A puff of campfire smoke settles the angry bees within 6 blocks: they forget their quarrel and go back to work.
camp_ward	arcane	2	12.0	world	world	Camp Ward	Wards an 8-block camp for 5 minutes: monsters that appear inside fade at once, and phantoms nearby lose their prey. One per caster.
caveward	earth	3	10.0	helpful	support	Caveward	For 60 seconds, sand, gravel or powder snow that buries the target's head crumbles into items.
chalk_line	arcane	1	1.0	world	world	Dust Line	Draws a dust line from you to the point for 10 seconds and tells its length in blocks.
chalkline	arcane	1	2.0	world	world	Chalk Line	Draws a line from you to the point for 20 seconds and tells you its length and rise.
checker_dye	life	2	5.0	world	world	Checker Dye	Like Dye Wash, but only every other block, for a checkered pattern. One dye per 8 blocks.
chestsort	void	2	5.0	world	world	Chest Sort	Joins like items in the chest, barrel or shulker box hit and lays them out in order.
chill	frost	1	4.0	harmful	control	Chill	Slowness II for 6 seconds and 1 freeze damage. Chill again within 6 seconds and the cold deepens (III, then IV).
chisel	earth	1	2.0	world	world	Chisel	Mines the block that was hit (up to stone-pickaxe hardness; Amplify for iron).
chronoshift	time	3	18.0	helpful	time	Chronoshift	Turns an ally's clock forward: their other spells come off cooldown 3 seconds sooner, a third of the mana they spent in the last 5 seconds comes back (30 at most), and they get Haste I and Speed I for 5 seconds.
cinder_bulwark	fire	3	16.0	world	world	Cinder Bulwark	Raises a cracked, glowing wall. Enemies brushing against it take 2 magic damage once per cast. Lasts eight seconds and drops nothing.
cinder_sieve	fire	3	12.0	world	damage	Cinder Sieve	Consumes one carried coal or charcoal to furnace-process up to sixteen visible loose inputs within four blocks. Only commits when complete outputs fit your inventory. Preserves owned, delayed and protected drops; grants no XP. Once per paid cast.
cinderbrand	fire	2	9.0	harmful	damage	Cinderbrand	Brands each target: 3 fire damage, and for 6 seconds your fire spells burn it 50% hotter and its burning hurts a little more.
cinderheart	fire	4	30.0	helpful	support	Cinderheart	Your heart burns for 12 seconds: Strength II, fire can't hurt you, and every enemy within 4 blocks takes 3 fire damage a second. It can't be lit again until 24 seconds after it goes out.
citadel	earth	4	38.0	world	world	Citadel	An 8-block ward for 60 seconds: explosions break nothing, missiles from outside drop at the edge, and allies inside take 20% less damage.
cleanse	life	2	8.0	helpful	support	Cleanse	Washes away harmful effects, fire and every elemental mark.
cleave	blood	3	18.0	harmful	damage	Cleave	Cuts in proportion to the target: 6 damage plus 10% of its max health (up to 20 more); enemies beside it take half (three at most).
cloche	time	4	22.0	world	world	Cloche	Sets a glass of quickened time over a 5-by-5 patch for 30 seconds: once a second, every plant under it gets the growing tick the world gives now and then. At most 25 plants a second.
clockroot	earth	3	16.0	harmful	damage	Clockroot	Roots remember safe ground for four seconds. A foe fleeing more than two blocks is returned once if its original floor and route are still safe, loaded and permitted. Refuses bosses, anchored or mounted targets and warded arenas. At most eight foes per paid cast; eight-second target rest.
clot	blood	1	4.0	helpful	support	Clot	For 3 minutes, poison and wither on you wear off twice as fast.
coldsnap	frost	2	11.0	harmful	damage	Coldsnap	A cold snap racing out from the point: 4 freeze damage and Slowness II for 4 seconds to every enemy within 3 blocks, all left brittle for Shatter for 4 seconds.
collect	void	1	3.0	world	world	Collect	Pulls up to 48 items and experience within 8 blocks from ground you can edit. Other owners' drops and pickup reservations stay put.
cometfall	arcane	4	32.0	harmful	damage	Cometfall	A comet streaks down on the point a second later: 16 damage to every enemy within 4 blocks, setting them alight, and five shards of it scatter into the nearest other enemies within 10 blocks for 4 each. Never breaks blocks.
compost	earth	1	3.0	world	world	Compost	Feeds the composter you strike from your inventory, as if you dropped the items in yourself: up to 8 seeds, leaves or scraps (16 at double power).
concreteset	earth	1	3.0	world	world	Concrete Set	Concrete powder near the point sets into concrete. 16 at most.
conflagration	fire	3	20.0	harmful	damage	Conflagration	Sets targets alight for 6 seconds, and every burning enemy within 6 blocks flares up for 4 damage (1 more for each other one flaring, up to 3) and burns 2 seconds longer.
coppice	earth	3	14.0	world	world	Coppice	Fells the tree you strike (its logs, never more than 32, drop as an axe would cut them) and replants the stump with a sapling from your inventory. A log with no living leaves is part of a build and is left alone.
coral_mend	frost	2	6.0	world	world	Coral Mend	Dead coral touching water within 3 blocks of the point comes back to life, up to 8.
corral	wind	3	14.0	harmful	control	Corral	Enemies within 5 blocks are kept inside the ring for 6 seconds.
countdown	time	1	7.0	harmful	damage	Countdown	Marks targets: 1.5 seconds later the moment catches up with them for 6 damage. If the mark dies first, it finds the nearest enemy within 6 blocks.
courtship	arcane	3	12.0	world	world	Courtship	Up to 6 grown farm animals within 5 blocks fall in love at once, as if you'd fed them. Animals that aren't ready yet (or belong to someone else) are left alone.
crimson_mist	blood	3	18.0	harmful	damage	Crimson Mist	A red mist 3 blocks around where it lands for 5 seconds: enemies in it bleed for 2 damage a second, allies in it heal 1.5 health a second and are hidden from monsters more than 4 blocks away.
cryostasis	frost	3	18.0	helpful	support	Cryostasis	Seals an ally in ice for 2 seconds (4 at most, however it's extended): they can't move, cast or be hurt, and heal 6 health while they wait. When it opens it bursts: enemies within 3 blocks are thrown back, take 3, and are slowed and left brittle. Not again on the same creature for 10 seconds.
current	frost	2	6.0	movement	movement	Current	Only in water or rain: a current sweeps you and the allies within 2 blocks about 15 blocks the way you look, and you land without fall damage. On dry land it fizzles.
currentkin	frost	2	6.0	helpful	support	Currentkin	Swim with the dolphins' grace for 3 minutes. Can be a passive.
cushion	wind	1	5.0	helpful	support	Cushion	For 30 seconds falls can't hurt you, and a hard landing throws out a gust that knocks enemies back and hurts them: three quarters of a point for every block you fell past four (6 at most).
cyclone	wind	2	10.0	harmful	control	Cyclone	A whirlwind spins every enemy within 3 blocks around the point for 2 seconds, then flings them all the way you were facing for 3 damage.
dash	wind	2	6.0	harmful	movement	Dash	Shoves targets the way you're facing. On Self it's a precise dash of about ten blocks: level, and it stops where it should.
decree	arcane	2	10.0	harmful	control	Decree	A spoken command: everything hit is stunned for 2 seconds and condemned: your next 2 spell hits on it deal 40% more. Speaking it costs you 2 health, unless it holds 3 or more.
deepsound	earth	1	2.0	world	world	Deepsound	Tells you the nearest ore up to 16 blocks under the point, and how deep.
deepwarn	earth	1	4.0	helpful	support	Deepwarn	For 5 minutes, warns you of lava below or a long drop ahead. Can be a passive.
deepway	earth	3	16.0	world	world	Deepway	Bores a 3x3 road 3 deep into the wall hit (diamond-pickaxe hardness) and sets 2 torches from your pack.
deflect	wind	2	9.0	helpful	support	Deflect	For 8 seconds a whirl of wind sends arrows and other projectiles coming at the target back at whoever shot them.
delvemark	void	4	22.0	world	world	Delvemark	Marks your spot for 10 minutes. Cast again within 128 blocks and hold still 2 seconds to go back to it.
depth_sounding	earth	1	2.0	world	world	Depth Sounding	Sounds the rock under the point: how far down the first open cave or lava lies, up to 64 blocks.
devour	void	3	16.0	harmful	damage	Devour	5 damage, and 1 more for every tenth of its health the target is missing (up to 10). If it kills, you feed: 10 mana and 4 absorption (twice a cast at most).
dew_drink	life	1	4.0	helpful	support	Dew Drink	For 10 minutes, rain or water feeds you a hunger point every 15 seconds.
dewcatch	frost	1	2.0	world	world	Dewcatch	Up to 4 glass bottles in your pack fill with water.
dewfall	storm	1	3.0	world	world	Dewfall	A soft dew wets every farmland block in a 5-by-5 patch around the point to full moisture.
dewkeep	storm	2	7.0	world	world	Dewkeep	Hangs a mist over a 5-by-5 patch for 60 seconds: its farmland is wetted now and again every 5 seconds, so a field far from water never dries. Lovely from a Totem or a Zone.
disarm	wind	2	7.0	harmful	control	Disarm	A snatching gust tears the weapon from each creature's hand for 5 seconds, then it drifts back. Bosses keep hold; a player keeps hold too, but can't use what they're holding for 3 seconds.
dismantle	blood	2	10.0	harmful	damage	Dismantle	Three unseen slashes a tenth of a second apart: 3 damage each, straight through armour; the last is twice as deep against something that isn't facing you.
ditchwater	storm	2	8.0	world	world	Ditchwater	Fills the hole you strike with one source of water, if it is an open hole with farmland within 4 blocks. Never in the Nether's heat.
divers_hands	frost	1	4.0	helpful	support	Diver's Hands	Mine at full speed under water for 60 seconds.
diving_bell	frost	3	12.0	world	world	Diving Bell	Under water: a 1-by-2 pocket of air at the point, walled in glass, for 15 seconds.
dolphin_call	frost	2	6.0	world	world	Dolphin Call	Dolphins within 24 blocks swim to you. If any come, you get Dolphin's Grace for 20 seconds.
doomclock	time	4	28.0	harmful	damage	Doomclock	Sets a clock ticking on each target (3 at most) for 3 seconds: every blow it takes meanwhile (up to four a second) winds it 2 tighter, 12 at most. At zero it bursts: 8 damage and all it was wound, to it and every enemy within 3 blocks (an enemy takes one burst a cast). Never breaks blocks.
doorcall	storm	1	2.0	world	world	Doorcall	Opens or shuts up to 4 doors, trapdoors and gates near the point. Iron ones stay put.
downdraft	wind	3	14.0	harmful	damage	Downdraft	Slams every airborne enemy within 6 blocks to the ground: 4 damage, and 1 more for every block it fell (up to 6). Flyers lose their lift. With nothing in the air it pins whoever stands under it (Slowness III for a second, 2 damage).
dragon_breath	void	4	30.0	harmful	damage	Dragon Breath	A 3-block cloud that rolls on along the way you blew it: 5 damage per second for 5 seconds.
drift_net	frost	2	5.0	world	world	Drift Net	Up to 16 items floating in water within 6 blocks of the point drift to you. Others' drops stay put.
drown_ward	frost	2	6.0	helpful	support	Drown Ward	For 60 seconds your air refills when it runs low, up to 3 times.
drowning_word	frost	3	16.0	harmful	damage	Drowning Word	A drowning word: for 5 seconds the target's lungs fill with water (it loses its air, takes 2 damage a second and can't cast), and it's soaked.
drowse	life	3	14.0	harmful	control	Drowse	Sleepy pollen lulls each target to sleep for 6 seconds (2 on players): it can't move or fight back, but any damage wakes it, and the blow that does deals 75% more. Bosses only grow drowsy.
dust_devil	wind	4	26.0	harmful	control	Dust Devil	A dust devil touches down where it lands and chases the nearest enemy for 5 seconds. Enemies within 2 blocks of it are caught up and whirled round it, blinded and scoured for 3 damage a second; when it blows out it flings them high.
dye_wash	life	1	3.0	world	world	Dye Wash	Recolours up to 16 wool, glass, terracotta, concrete or candle blocks around the point to the dye in your other hand. One dye per 8 blocks.
dynamo_stride	storm	2	6.0	helpful	support	Dynamo Stride	For 5 minutes, every 24 blocks you walk gives back 2 mana, up to 12.
echolocate	void	2	6.0	harmful	control	Echolocate	A sonar pulse from the point: every enemy within 16 blocks glows through walls for 10 seconds, and those it hits are dazed (Slowness II) for 3.
eclipse	void	3	18.0	harmful	damage	Eclipse	A dark disc eclipses the point for 5 seconds: enemies beneath it (4 blocks) are blinded, take 2 damage a second, and your spells hit them 20% harder. Under it the light counts as dim.
ember	fire	1	6.0	harmful	damage	Ember	3 fire damage and sets alight for 3 seconds. On something already burning it adds 3 seconds instead (10 at most).
ember_rest	fire	2	10.0	world	world	Ember Rest	Kindles a resting fire for 5 minutes: allies within 6 blocks regenerate and stay warm. One per caster.
emberguard	fire	1	5.0	helpful	support	Emberguard	Puts the target out and gives Fire Resistance for 30 seconds.
empower	arcane	2	12.0	helpful	support	Empower	Strength II for 10 seconds, then Weakness I for 4 (a passive carries only Strength I).
enderhush	void	2	6.0	helpful	support	Enderhush	For 10 minutes, endermen you haven't hurt forget their anger at you. Can be a passive.
entropy	void	3	16.0	harmful	damage	Entropy	The target unravels: 1, 1.5, 2, 2.5 and 3 damage over 5 seconds, straight through armour, and each wound strips a point of its armour until it ends.
evade	wind	2	8.0	helpful	support	Evade	For 10 seconds the next melee blow misses and the target slips aside.
everburn	fire	3	16.0	harmful	damage	Everburn	Sets targets alight for 5 seconds with a fire that burns two and a half times as fast (1.5 more damage a second), and rekindles once for 3 more when it goes out.
excavate	earth	2	10.0	world	world	Excavate	Mines a 3x3 area of blocks (up to iron-pickaxe hardness; Amplify for diamond).
explode	fire	3	18.0	harmful	damage	Explode	12 damage in a 3.5-block blast that throws what it hits. Blasts of one cast never stack on one enemy. Never breaks blocks.
fair_wind	wind	2	6.0	movement	movement	Fair Wind	In a boat: sail the way you look for 10 seconds.
faithful	arcane	3	16.0	helpful	support	Faithful	For 5 minutes, a killing blow leaves your pet at 1 health beside you. Once per 10 minutes each.
fallow	earth	1	2.0	world	world	Fallow	Rests the bare farmland in a 5-by-5 patch back into dirt. Farmland with something growing on it is left as it is.
fangs	arcane	2	10.0	harmful	damage	Fangs	A ring of evoker fangs snaps up around each target: 6 damage from below.
fathom	arcane	1	1.0	world	world	Fathom	Tells how deep the water is at the point and marks the bottom.
feastday	fire	4	20.0	helpful	support	Feast Day	A harvest feast for everyone it reaches: 6 hunger and 6 seconds of Saturation each, and Regeneration I for 10 seconds.
feather_fall	wind	1	6.0	helpful	support	Feather Fall	Slow falling and no fall damage for 12 seconds, and you drift the way you look while you fall (sneak to stop).
fell	earth	2	8.0	world	world	Fell	Fells the tree that was hit: the log and every log joined to it above, up to 32.
fieldsense	arcane	1	2.0	world	world	Field Sense	Reads the field within 6 blocks: every ripe crop glints, and you're told how many are ripe and how many are still growing.
fieldstride	wind	1	4.0	movement	movement	Fieldstride	A farmhand's long stride: Speed I and Jump Boost I for 20 seconds.
fire	fire	2	8.0	harmful	damage	Fire	5 fire damage and sets alight for 6 seconds.
firebreak	frost	1	5.0	world	world	Firebreak	Puts out fire within 5 blocks, and the allies there.
firestorm	fire	3	18.0	harmful	damage	Firestorm	Sets targets alight for 6 seconds and deals 5 damage, and the fire leaps to every enemy within 2 blocks of them (2 damage), then a moment later to those within 2 blocks of those (1.5).
fireward	fire	2	8.0	helpful	support	Fireward	Fire resistance for 30 seconds.
flash_freeze	frost	2	9.0	harmful	control	Flash Freeze	4 freeze damage. A soaked target (in water, or after a water rune or Bubble) freezes solid for 3 seconds (1.5 on players), one only rained on for 2 (1); a dry one is slowed and left brittle.
flashfire	fire	2	11.0	harmful	damage	Flashfire	A flash of heat: 5 fire damage to every enemy within 3 blocks, setting them alight for 4 seconds. Allies in it are thawed and dried.
fleece	wind	1	3.0	world	world	Fleece	Shears every woolly sheep within 5 blocks, as shears would, and the wool falls at their feet.
floorlay	earth	2	7.0	world	world	Floorlay	Lays a 5x5 floor at the point from stone, dirt or planks in your pack, over air only.
fodder	earth	1	4.0	world	world	Fodder	Feeds the animals within 5 blocks from your inventory, each with one item of the food it eats: it heals 4 and a young one grows a tenth of the way up.
folk_call	wind	1	2.0	world	world	Folk Call	Villagers within 16 blocks walk over to the point.
folk_census	arcane	1	1.0	world	world	Folk Census	Counts the villagers within 32 blocks: with a trade, without one, nitwits, children, and golems.
foresight	time	3	14.0	helpful	support	Foresight	Sees the next 2 attacks coming (for 15 seconds): each is dodged with a sidestep. A dodge turns away 12 damage at most, and casting it again in the same spell doesn't refill it.
fortress_sense	fire	3	10.0	world	world	Fortress Sense	In the Nether, senses the nearest fortress and tells which way and roughly how far. Structure senses share a 30-second rest.
fortune	life	1	10.0	helpful	innate	Fortune	For 10 seconds, every hit you deal has a 1 in 4 chance to strike for double, and a kill has a 1 in 4 chance to drop extra experience.
fossilize	earth	3	16.0	harmful	control	Fossilize	The target turns slowly to stone: Slowness I, II, then III over 3 seconds, then it's stone, held for 2 seconds (1 on players), brittle while it stands (every spell hits it 20% harder), and cracked for 6 damage.
frame_veil	void	2	4.0	world	world	Frame Veil	Item frames holding an item within 6 blocks turn invisible. Cast again to show them.
freeze	frost	3	14.0	harmful	control	Freeze	Freezes targets solid for 2.5 seconds: they can't move or fight back.
frost	frost	2	8.0	harmful	damage	Frost	5 freeze damage and Slowness III for 4 seconds; the frost leaves it brittle for Shatter for 4 seconds.
frost_molt	frost	3	14.0	helpful	damage	Frost Molt	Peel an actual frozen condition into one three-second ice plate. It stops one ordinary projectile of six damage or less; larger, bypass and other attacks pass. Clean allies cannot mint a plate; crouching sheds it.
frostbite	frost	3	16.0	harmful	damage	Frostbite	3 damage, then 1 damage a second for 5 seconds as the cold sets in (Slowness I, then II, then III); at the end the target freezes for a second and a half.
frostbloom	frost	3	14.0	helpful	support	Frostbloom	Regeneration II for 5 seconds, and for 8 seconds anything that strikes the ally is frozen stiff (Slowness III for 2 seconds) and heals them a point (4 at most).
frostward	frost	1	3.0	helpful	support	Frostward	For 60 seconds you can't freeze, not even in powder snow, and a frost hold on you lasts a second at most.
frostwire	storm	3	18.0	harmful	damage	Frostwire	Chills each target (Slowness II for 4 seconds); a moment later a current races through every chilled or frozen enemy within 6 blocks of it, 6 at most: 5 damage each, 7 to one frozen solid.
gale_mantle	wind	1	10.0	helpful	innate	Gale Mantle	For 12 seconds, jump again in midair to dash the way you're steering (up to 3 dashes), shoving aside whoever you pass.
galvanize	storm	1	3.0	world	world	Galvanize	Sets a spark of raw power against the block it strikes for 5 seconds: it powers what it touches as a redstone block would (doors open, lamps light, pistons push).
gangue	earth	3	14.0	world	world	Gangue	Mines plain rock within 2 blocks of the point and leaves the ores standing.
gash	blood	2	9.0	harmful	control	Gash	A wound that won't close: 3 damage, and for 8 seconds the target can't heal, is left bleeding, and weeps 0.4 damage plus 1% of its health a second.
gentlehand	wind	1	3.0	world	world	Gentle Hand	Farm animals within 5 blocks stop panicking and stand calm for 8 seconds, easy to lead or pen.
geode	earth	3	16.0	helpful	support	Geode	Crystal armour: Resistance II for 5 seconds, and anything that strikes the ally is cut by crystal shards for 2 damage and left cracked (every spell hits it 20% harder for 5 seconds).
glacier	frost	3	16.0	harmful	control	Glacier	Freezes targets in place for 2 seconds (1 second on players). The ice spreads: up to 3 other enemies within 2.5 blocks freeze for 1 second, and when it cracks everything frozen takes 2.
glidewind	wind	3	14.0	helpful	movement	Glidewind	For 2 minutes, a tailwind keeps your elytra glide from slowing down, up to a steady cruise.
glimmer	life	1	2.0	world	world	Glimmer	Grows glowing lichen over the block that was hit and up to 4 around it: a light that stays.
gloomsight	arcane	1	3.0	world	world	Gloomsight	Marks the pitch-dark floor near the point, where monsters spawn, for 10 seconds.
glowvine	life	1	3.0	world	world	Glowvine	Glowing cave vines heavy with glow berries grow down from the ceiling around the point: a light that stays. Vines already there bear berries again.
glyph_carve	earth	1	1.0	world	world	Glyph Carve	Carves a glowing glyph of the way you face onto the first blank line of a sign.
gold_parley	fire	2	5.0	world	support	Gold Parley	Piglins within 12 blocks forget their anger at you. Brutes stay angry.
gourdcall	earth	2	8.0	world	world	Gourdcall	Grown pumpkin and melon stems in a 5-by-5 patch try at once to set their fruit, as many times as a day of waiting would give them.
grace	arcane	4	30.0	helpful	support	Grace	For 60 seconds a killing blow leaves the target at 2 health with Resistance III for 3 seconds. Once per 10 minutes each; never a boss.
grapple	void	2	8.0	movement	movement	Grapple	Pulls you to where the spell hit, and stops you there.
grave_bearing	void	2	4.0	world	world	Grave Bearing	Tells which way you last died and roughly how far, when it was in this world.
gravefinder	arcane	1	3.0	world	support	Gravefinder	For a minute, pale motes point the way to where you last died.
gravity_well	void	3	16.0	harmful	control	Gravity Well	Drags every enemy within 7 blocks into the point for 2 seconds and pulls what hovers over it down; they're left pulled.
grow	life	1	4.0	world	world	Grow	Bone-meals the block that was hit and everything around it, and young animals there grow up.
guardlink	earth	3	16.0	helpful	support	Guardlink	For 15 seconds, 40% of the ally's damage comes to you instead. Breaks past 16 blocks or at 6 health. Not on yourself.
haggle	arcane	3	12.0	helpful	support	Haggle	For 20 seconds villagers give you their Hero of the Village prices.
hail	frost	3	16.0	harmful	damage	Hail	Five hailstones of 2 damage each, each staggering the target, and Slowness II for 4 seconds.
halo	arcane	3	18.0	helpful	support	Halo	A halo crowns the ally for 8 seconds: every 1.5 seconds it smites an enemy within 6 blocks of them (whoever hurt them, or else the nearest) for 3 holy damage (tripled against undead), and the ally heals 1 each time.
harm	arcane	1	8.0	harmful	damage	Harm	7 magic damage, and it leaves the target exposed for 3 seconds (an arcane mark: Unweave and Prismatic Burst count it).
harvest	life	1	3.0	world	world	Harvest	Harvests grown crops around the block hit, and replants them.
haste	arcane	1	4.0	helpful	support	Haste	Haste II for 30 seconds: mine and swing faster, and a charged cast fills 30% sooner.
haven	life	2	14.0	helpful	support	Haven	Raises living leaf shutters across a 4-block haven for 8 seconds: enemies inside are shoved out once a second, and enemy projectiles glance off its boundary.
hayloft	wind	1	5.0	movement	movement	Hayloft	Tosses you up as if from a haystack, about 4 blocks, and you float down for 3 seconds without a fall.
headlamp	arcane	2	6.0	helpful	support	Headlamp	A light follows the target for 60 seconds.
heal	life	1	12.0	helpful	support	Heal	Restores 8 health (4 hearts; repeats within one cast heal less). What the target can't use becomes a shield of up to 2 hearts for 10 seconds.
hearthbond	life	3	16.0	helpful	support	Hearthbond	Bonds you and allies within 12 blocks for 3 minutes: when one drops low they regenerate, and the rest hear it. Once a minute each.
hearthcook	fire	3	12.0	world	world	Hearthcook	Cooks the raw food in your own inventory as a smoker would: up to 8 pieces (16 at double power). Only food; the rest of your pack is left alone.
hearthglow	fire	2	12.0	helpful	support	Hearthglow	A 4-block glow for 12 seconds: allies inside are thawed and kept at Regeneration I.
hearthguard	earth	2	10.0	helpful	support	Hearthguard	A villager, trader or golem takes 60% less damage from monsters for 5 minutes.
hearthpath	arcane	1	3.0	world	support	Hearthpath	For a minute, warm motes point the way to your bed or spawn.
hearthsong	fire	2	12.0	helpful	support	Hearthsong	Heals each ally within 6 blocks for 2, plus 1 for every ally there (up to 6).
heartsense	blood	2	6.0	helpful	support	Heartsense	For 30 seconds, you see the heartbeat of every creature within 24 blocks.
heartstopper	blood	3	18.0	harmful	control	Heartstopper	5 damage, and for 6 seconds the target's heart skips every 2 seconds: a stumble, a lurch, then a full stop (a quarter, half, then one and a half seconds of stun).
heel	wind	2	6.0	helpful	support	Heel	Your pets within 32 blocks that are not sitting come to your side.
hellmouth	fire	3	20.0	harmful	damage	Hellmouth	Opens a pit of black fire for 3 seconds that drags enemies within 3 blocks toward it and burns those at its core for 2 damage a second, then caves in for 4 damage.
hemomancy	blood	3	16.0	harmful	damage	Hemomancy	4 magic damage, and 1 more for every 1.5 health you're missing (up to 8 more). Under half health you heal a quarter of what it deals.
henhouse	time	2	6.0	world	world	Henhouse	Each chicken within 5 blocks lays its next egg now. A hen hurried along can't be hurried again for 2 minutes.
herdcall	wind	1	4.0	world	world	Herdcall	Farm animals within 8 blocks walk to the spot it lands (to you, cast on yourself). Up to 12 come at once.
herdsense	arcane	1	2.0	world	world	Herdsense	Farm animals within 12 blocks glow for 10 seconds, and you're told how many there are and how many are ready to breed.
hex	void	1	5.0	harmful	control	Hex	Hexes targets for 6 seconds: your spells hit them 25% harder, and they fix on you.
hexguard	void	3	14.0	helpful	support	Hexguard	For 20 seconds, the next harmful effect that would land is refused.
hivehum	time	3	12.0	world	world	Hive Hum	Each beehive and bee nest within 5 blocks fills by one level of honey. A hive hummed into can't be hurried again for a minute.
hoarfrost	frost	3	16.0	harmful	damage	Hoarfrost	Rime creeps over each target for 3 seconds, slowing it more every second; then it freezes solid for 2 seconds and takes 6 damage, and the frost blooms: enemies within 2 blocks take 3 and are slowed. Cast again on a creeping target, it starts nothing new.
hobble	void	1	4.0	harmful	control	Hobble	Slowness III for 4 seconds. No harm.
holefill	earth	1	4.0	world	world	Holefill	Fills holes near the point up to its height with stone, dirt or planks from your pack. 16 at most.
hollow	void	4	36.0	harmful	damage	Hollow	Erases what it hits: it vanishes for a moment and returns for 20 damage, and everything within 4 blocks is dragged into the gap for 8 more.
hollow_pocket	void	2	6.0	world	support	Hollow Pocket	Opens your own 9-slot pocket. What you keep there stays yours, through death too.
hollowsense	wind	1	3.0	world	world	Hollow Sense	Points you to the nearest open cave within 12 blocks of the point.
home_bearing	wind	1	2.0	world	world	Home Bearing	Tells which way your bed or respawn anchor lies and roughly how far, when it is in this world.
homeward	void	4	22.0	movement	movement	Homeward	Hold still for 3 seconds to return to your lodestar, in this world and within 2000 blocks. Moving or getting hurt breaks it. 2-minute rest.
honeydew	wind	1	4.0	helpful	support	Honeydew	Sweet as a honey bottle: cures Poison and heals 3 (more with power).
hush	void	2	10.0	harmful	control	Hush	A pocket of silence at the point for 6 seconds (4 blocks): monsters inside lose their targets and are weakened, and enemy casters can't cast.
ice_auger	frost	1	2.0	world	world	Ice Auger	Bores through up to 3 blocks of ice at the point, leaving water to fish in.
icepath	frost	1	3.0	world	world	Icepath	Freezes water within 3 blocks into ice you can walk on. On Self it lays a strip of ice ten blocks long the way you look.
icicle	frost	1	6.0	harmful	damage	Icicle	4 freeze damage, or 6 against a target that's already slowed. The icicle melts after 2 seconds and leaves it soaked.
inferno	fire	3	20.0	harmful	damage	Inferno	Everything within 4 blocks burns: 3 fire damage a second for 4 seconds.
infest	earth	2	9.0	harmful	damage	Infest	Silverfish burrow out of the stone around each target: 1 damage every half second for 4 seconds, and Slowness I.
infinity	void	4	32.0	helpful	support	Infinity	For 6 seconds the closer a hostile thing comes the slower it moves: enemies within 5 blocks are slowed harder the nearer they are, and projectiles slow to a stop in the air.
inkveil	frost	2	7.0	helpful	support	Inkveil	Invisible for 10 seconds in water, 3 on land.
ironhold	earth	3	15.0	helpful	support	Ironhold	For 6 seconds no single blow deals the target more than 4.
jolt	storm	2	9.0	harmful	control	Jolt	4 lightning damage that stuns for 1 second: no moving or fighting back. A caster caught mid-charge loses the spell.
keenkeep	earth	2	8.0	helpful	support	Keenkeep	Your held tool wears half as fast for 5 minutes. Can be a passive.
keepsafe	earth	2	8.0	world	world	Keepsafe	For 10 minutes the block hit can't be broken by anyone outside your party, nor by explosions.
kelpsong	frost	1	3.0	world	world	Kelpsong	Kelp, seagrass and sea pickles within 4 blocks of the point grow as if bone mealed, up to 8.
kilnbake	fire	2	8.0	world	world	Kiln Bake	Blocks near the point bake in place when a furnace makes a block of them, like sand to glass. 9 at most.
kindling	fire	1	7.0	harmful	innate	Kindling	3 fire damage and a stack of Kindling. The fifth stack ignites: 14 damage in a 3-block burst, and everything the burst reaches starts at two stacks.
lamplighter	fire	1	2.0	world	world	Lamplighter	Lights the unlit candles and campfires within 6 blocks.
land_reading	earth	1	1.0	world	world	Land Reading	Reads the ground where it lands: its biome, how warm it is, and its height against sea level.
landread	earth	1	2.0	world	world	Landread	Tells you the biome, height and light where it lands, and whether slimes spawn there.
lantern_soul	arcane	1	4.0	helpful	support	Lantern Soul	An unseen light follows you for 5 minutes. Can be a passive.
lapis_thrift	arcane	2	6.0	world	support	Lapis Thrift	For 60 seconds, your next enchantment at a table gives one lapis back.
last_lantern	arcane	3	18.0	helpful	damage	Last Lantern	Record one allied player's safe ground for six seconds. Their next fresh crouch requests one safe return within eight blocks. Invalid floor, route, dimension or permission refuses. No health rewind or forced return.
launch	wind	2	8.0	harmful	control	Launch	Flings targets high into the air, where every spell hits them harder. On Self it rockets you up and forward.
lava_crust	frost	2	6.0	world	world	Lava Crust	The lava top around the point hardens to basalt for 20 seconds, a safe place to land.
lava_sense	fire	1	2.0	world	world	Lava Sense	Tells how much lava lies within 8 blocks and which way the nearest is.
lavaseal	fire	2	7.0	world	world	Lava Seal	Lava within 3 blocks of the point sets: still lava to obsidian, flowing lava to cobblestone. 16 at most.
leaffall	wind	1	3.0	world	world	Leaffall	The wild leaves in a 5-by-5-by-5 block around the point drop now, as if they'd decayed, with what decay would drop. Leaves placed by hand stay.
leafshade	earth	2	7.0	helpful	support	Leafshade	Cool leaf-shade: Fire Resistance for 15 seconds.
leap	wind	1	4.0	helpful	support	Leap	Jump Boost III for 15 seconds.
leech	blood	1	8.0	harmful	damage	Leech	3 damage, and you heal for what it takes; what a full heart can't hold becomes a shield of up to 4.
levelground	earth	2	10.0	world	world	Levelground	Mines away what stands up to 3 blocks over the point within 2 blocks of it.
leverflip	storm	1	2.0	world	world	Lever Flip	Flips up to 4 levers near the point.
levitate	wind	2	8.0	harmful	control	Levitate	Targets hang in the air for 3 seconds, their drift stopped, and every spell hits them harder while they're off the ground. On Self you float.
lifebloom	life	3	16.0	helpful	support	Lifebloom	Heals 4, then 1 a second for 5 seconds; when it fades it bursts, healing every ally within 3 blocks for 3.
lifesteal	blood	3	16.0	harmful	damage	Lifesteal	5 damage, and you heal for what it dealt. For 6 seconds everything the target suffers, from anyone, heals you for a quarter of it.
light	arcane	1	2.0	world	world	Light	A light source at the point for 60 seconds.
lightning	storm	3	20.0	harmful	damage	Lightning	A 12-damage lightning strike on each target that slows and burns. An enemy takes the strongest strike of a cast once, however many land beside it. You and your allies are immune.
lily_path	frost	1	3.0	world	world	Lily Path	Lays up to 10 lily pads across the water the way you look, for 30 seconds.
lodepull	void	2	7.0	helpful	support	Lodepull	Loose drops within 6 blocks drift to the target for 30 seconds. Never someone else's drops.
lodestar	arcane	2	6.0	world	world	Lodestar	Sets your lodestar where it lands, or at your feet. Homeward takes you back to it.
long_arm	earth	2	6.0	helpful	support	Long Arm	Reach 2 blocks farther to build and mine for 5 minutes. Can be a passive.
lore_reading	arcane	1	1.0	world	world	Lore Reading	Reads the item in your hand: how many enchantments it holds and what an anvil will charge to work it.
lostfind	arcane	1	3.0	world	support	Lostfind	For 30 seconds, gold motes point to the nearest loose items within 32 blocks.
luckcharm	life	1	4.0	helpful	support	Luckcharm	Luck I for 5 minutes. Can be a passive.
luckstrike	earth	3	10.0	world	world	Luckstrike	Mines the ore hit with Fortune I (II with Amplify).
lullaby	life	2	8.0	helpful	support	Lullaby	You and allies within 8 blocks count as rested, so phantoms leave you be. Tells you how many are asleep.
lumenpath	arcane	2	6.0	world	world	Lumen Path	Hangs a light every 4 blocks from you to the point, 6 at most, for 120 seconds.
lure	void	2	9.0	harmful	control	Lure	Enemies drop their target and walk to where it lands for 4 seconds.
lux_reading	arcane	1	1.0	world	world	Lux Reading	Reads the light where it lands, from blocks and from the sky, and whether monsters may spawn there.
magma	earth	3	16.0	harmful	damage	Magma	The ground under the target turns to magma for 4 seconds: 2 damage a second to every enemy standing on it, and the pool widens as it burns.
magnetize	storm	3	16.0	harmful	control	Magnetize	Magnetizes a target for 4 seconds: enemies within 5 blocks are drawn to it, and any that touch it are shocked for 3 damage (once a second).
malison	void	3	16.0	harmful	control	Malison	4 damage and a curse for 8 seconds: your spells hit it 25% harder, and it's shadowed. If it dies cursed, the curse passes on, 5% stronger each time (up to 45%), for the time it had left, to up to 3 enemies within 6 blocks of it.
manabraid	arcane	2	4.0	helpful	support	Manabraid	Offers an allied connected caster a three-second mana gift. They must release and freshly crouch to accept. After the spell price, spends at most twenty-four extra mana to restore at most sixteen, keeping two. Donor rests thirty seconds; receiver ten.
manaburn	arcane	2	10.0	harmful	damage	Manaburn	Burns magic: 5 damage. A spellcaster (a player wearing a Cord, or a Runebound) also takes 4 more, a player loses up to 20 mana (less from a weaker hit), and a charge or telegraphed cast in hand is cut short.
managift	arcane	2	4.0	helpful	support	Managift	Gives up to 20 of your mana to each ally player hit; they get three quarters of it. Never yourself.
manatide	arcane	3	10.0	helpful	support	Manatide	Drinks in the storm: for 10 seconds, every spell you and your allies hit cast gives back a quarter of its mana (30 at most, however extended). Each player can drink only once a minute.
manawell	arcane	3	16.0	helpful	support	Manawell	A 3-block well for 10 seconds: allies inside regain 2 mana each second.
mending_mist	frost	2	14.0	helpful	support	Mending Mist	A 4-block mist for 8 seconds: allies inside heal 1 each second.
meteor	fire	3	24.0	harmful	damage	Meteor	A burning meteor falls on each target (two at most) 1.2 seconds later: 12 damage in a 3.5-block blast, and the crater burns on for a moment.
milkmaid	frost	1	3.0	world	world	Milkmaid	Fills the empty buckets in your inventory with milk, one for each grown cow or goat within 5 blocks.
millstone	earth	1	3.0	world	world	Millstone	Grinds up to 16 cobblestone in your pack into gravel, or else gravel into sand.
mire	earth	2	8.0	harmful	control	Mire	The ground turns to mire under each target for 5 seconds: it sinks (Slowness IV, no jumping) and is soaked.
mirrorfrost	frost	1	12.0	helpful	innate	Mirrorfrost	Casts back the last spell that hit you in the past 30 seconds, as your own at 70% power. A spell cast back can't be cast back again.
monolith	earth	3	20.0	harmful	damage	Monolith	A pillar of stone bursts up under the target: 8 damage, and it's thrown 3 blocks into the air; where it lands, 3 more to whatever is there. The pillar crumbles after 4 seconds.
moon_reading	time	1	1.0	world	world	Moon Reading	Reads the moon tonight and how many nights until the next full moon.
moonpetal	life	2	12.0	harmful	damage	Moonpetal	A storm of moonlit petals at the point: 5 damage to every enemy within 3 blocks, and 4 health to you and your allies there. Stronger under a full moon and at night, weaker under a new moon.
mooring_call	frost	2	5.0	world	world	Mooring Call	The nearest empty boat within 24 blocks comes to your side.
morale	fire	2	12.0	helpful	support	Morale	Allies within 6 blocks get Absorption for 20 seconds, one level for each ally there (up to III).
motherlode	earth	4	26.0	world	world	Motherlode	Mines up to 16 ores within 3 blocks of the point with Fortune II (III with Amplify).
nest_tend	earth	1	3.0	world	world	Nest Tend	Turtle eggs within 4 blocks move a stage closer to hatching, up to 4, and baby turtles grow.
night_eye	arcane	1	3.0	helpful	support	Night Eye	Night vision for 60 seconds.
night_seam	void	3	12.0	world	damage	Night Seam	Inspect beyond at most three owned ordinary stone cells for one open-ground and nearby-threat clue. No blocks change, no one moves, and protected, special, block-entity, warded or unloaded walls refuse.
nightwatch	arcane	2	6.0	helpful	support	Nightwatch	For 10 minutes, a bell warns you when a monster within 16 blocks starts hunting you. Can be a passive.
nourish	life	1	6.0	helpful	support	Nourish	Restores 6 hunger and some saturation, and ends Hunger. Fed pets heal 6 and are ready to breed.
nudge	wind	1	3.0	harmful	control	Nudge	A gentle push 3 blocks away from you. No harm.
nullcatch	void	3	20.0	helpful	damage	Nullcatch	An open mirror pocket catches one hostile front projectile over three seconds. One payment buys one capture; rear, allied, reflected and ownerless attacks pass. No stored attack or refund.
nullify	arcane	3	14.0	harmful	control	Nullify	Strips an enemy's good effects, or an ally's bad effects. Vexes, and spirit wolves and shades that aren't yours, dissolve.
oceans_favor	frost	4	24.0	helpful	support	Ocean's Favor	Water Breathing, Dolphin's Grace, Conduit Power and Night Vision for 120 seconds. Found only, never crafted.
orbcall	arcane	1	3.0	helpful	support	Orbcall	Experience orbs within 10 blocks drift to you for 5 minutes. Can be a passive.
orepluck	earth	3	12.0	world	world	Ore Pluck	Mines up to 8 ores with an open face within 4 blocks of the point.
oretally	earth	2	5.0	world	world	Ore Tally	Counts the ores within 6 blocks of the point by kind.
overdrive	blood	2	10.0	helpful	support	Overdrive	Past your limits for 10 seconds: Strength II, Speed II and Haste II, but you lose 1 health every 2 seconds. The weaker it leaves you, the harder you hit: Strength III under half health, IV under a quarter.
pacify	arcane	2	9.0	harmful	control	Pacify	The creature forgets its target and picks none for 6 seconds; harming it ends this. Players get Weakness instead. Not bosses.
packtidy	void	1	2.0	world	world	Pack Tidy	Joins like stacks in your pack. Your hotbar is left alone.
parasite	blood	3	16.0	harmful	damage	Parasite	Plants a parasite in each target for 6 seconds: Poison I, and every second it drains 1 health from it into you. If its host dies with it inside, it leaps to the nearest enemy within 6 blocks for the time it had left (once).
pearl_sight	arcane	2	6.0	helpful	support	Pearl Sight	Conduit Power for 30 seconds.
pelt	earth	1	5.0	harmful	damage	Pelt	Pelts targets with stones: 4 damage and a hard shove.
petward	life	2	8.0	world	support	Petward	Your pets within 16 blocks get Resistance I for 3 minutes.
phantom	void	1	12.0	helpful	innate	Phantom	Leaves an afterimage of you that every monster within 16 blocks turns on for 4 seconds, then it bursts for 8 damage, and 1 more for every 6 it took.
phoenix_pyre	fire	3	18.0	helpful	support	Phoenix Pyre	Wreathes allies in healing flame for 6 seconds: Regeneration I and Fire Resistance, and every second enemies within 2 blocks of them are set alight and take 1 damage. The first time an ally falls under 35% health the pyre flares: 6 health, and 4 damage to enemies within 3 blocks.
picnic	earth	1	5.0	helpful	support	Picnic	A shared basket: each target eats 3 hunger and heals 2 (more with power).
pitfloor	earth	2	6.0	world	world	Pit Floor	Lays a 3x3 packed mud floor over the air at the point. It crumbles after 20 seconds.
plankway	earth	1	4.0	world	world	Plankway	Lays a lasting bridge up to 12 long the way you face, from planks or stone in your pack.
plasma	storm	3	20.0	harmful	damage	Plasma	10 damage, half of it ignoring armour, and the target is ionised for 5 seconds: the next storm damage it takes conducts as if it were wet.
plowline	earth	2	6.0	world	world	Plowline	Ploughs a straight furrow from the block it strikes along the way you face: up to 8 blocks of dirt or grass tilled into farmland, longer with power (16 at most).
plumbline	earth	1	4.0	world	world	Plumb Line	Digs a shaft up to 8 deep under the point (iron-pickaxe hardness). Stops a block above lava, water or a drop.
pocket_current	frost	3	16.0	world	damage	Pocket Current	Water envelopes carry up to sixteen ready, permitted loose items into your own tracked chest. Both halves need ownership and permission; full slots, foreign drops, locks and loot tables refuse without item loss.
polish	earth	1	3.0	world	world	Polish	Polishes stone near the point: andesite, granite, diorite, tuff, basalt and the like. 9 at most.
pollinate	wind	2	8.0	world	world	Pollinate	The bees within 8 blocks dust the crops around the point: one crop in a 5-by-5 patch grows a stage for each bee, 2 per bee at double power. No bees, no help.
porpoise	frost	2	5.0	movement	movement	Porpoise Leap	In water: leap forward like a dolphin, with no fall damage from the leap.
portal_reckoning	void	1	1.0	world	world	Portal Reckoning	Tells where this spot lies in the other realm: one Nether block is eight in the Overworld.
portal_sense	fire	2	6.0	world	world	Portal Sense	Senses the nearest ruined portal and tells which way and roughly how far. Structure senses share a 30-second rest.
portalfall	void	2	9.0	harmful	control	Portalfall	A portal opens under each target and drops it from up to 7 blocks up, with 2 damage on the way through; where it lands, enemies within 2 blocks take 3 and stagger.
potion_steep	life	2	6.0	helpful	support	Potion Steep	Good potion effects last a quarter longer, up to 45 seconds more and 8 minutes in all.
primer	fire	3	18.0	harmful	damage	Primer	Turns each target into a bomb that goes off 2 seconds later, or the moment it dies: 10 damage within 3 blocks (an enemy takes only the strongest bomb). Never breaks blocks.
prismatic_burst	arcane	3	16.0	harmful	damage	Prismatic Burst	5 damage, and 4 more for every mark on the target (burning, frozen, windswept, pulled, soaked, wet, cracked, shadowed, bleeding or exposed), up to 5, each used up and passed on to up to 3 enemies within 4 blocks: up to 25.
prolong	time	3	12.0	helpful	time	Prolong	Every good effect on the target (Speed, Strength, Regeneration, a potion's...) lasts 15 seconds longer, up to 5 minutes.
prospect	earth	1	3.0	world	world	Prospect	The ground rings out: every ore within 12 blocks of where it lands glows through the rock for 20 seconds.
prune	wind	1	2.0	world	world	Prune	A gust clears leaves, grass, flowers, vines and cobwebs within 3 blocks, and they drop as they would to shears.
pull	void	2	5.0	harmful	control	Pull	Pulls targets toward the spell, leaving them staggered and marked as pulled for 4 seconds.
pulse_ferry	life	3	18.0	helpful	damage	Pulse Ferry	One sap parcel visits two different wounded eligible allies within four blocks on separate beats. Each receives at most three actual healing, six total. Crouching refuses a visit. No overheal or repeated recovery.
push	wind	1	4.0	harmful	control	Push	Hurls targets away from the spell.
quench	frost	1	3.0	helpful	support	Quench	Puts you out, and for 3 minutes fire on you burns out three times as fast.
quickbrew	fire	2	6.0	world	support	Quickbrew	Brewing stands within 6 blocks brew twice as fast for 20 seconds.
quietus	arcane	3	20.0	harmful	damage	Quietus	A visible short escrow waits for one newly cast hostile magic projectile, closes on it and taxes up to eight of its player's current mana. No hit, free ammunition or mana reward; old and reflected spells pass.
rain_cloud	storm	2	8.0	world	world	Raincloud	A small cloud rains on the point: farmland within 4 blocks is soaked, up to 8 crops grow, fires go out and a cauldron gains water.
rally	wind	2	10.0	helpful	support	Rally	Allies within 8 blocks get Speed I and Jump Boost I for 12 seconds.
rally_light	arcane	3	18.0	world	world	Rally Light	Raises a beacon for 3 minutes: allies within 10 blocks get Haste I and Speed I. One per caster.
rampart	earth	2	8.0	world	world	Rampart	Raises a 5-wide, 3-high wall of earth at the point for 10 seconds.
razorgale	wind	3	18.0	harmful	damage	Razorgale	A whirl of blades round where it lands: every enemy within 3 blocks is cut for 2 and left bleeding; half a second later the gale comes back round for 2 more, tearing every wound open (Rupture).
reckoning	time	3	18.0	harmful	damage	Reckoning	For 4 seconds, every wound the target takes is counted; then half of it comes due again at once (at most 12), and half of what comes due heals you (at most 6).
recoil	wind	3	14.0	harmful	control	Recoil	Hurls targets 5 blocks back; 2 seconds later the wind snaps them back to where they stood, for 5 damage.
red_ledger	blood	3	18.0	harmful	damage	Red Ledger	Three visible blood gates measure ordinary movement over three seconds. Moving one block spends a gate for a small cut. Standing still avoids all cuts; teleports do not count. Six total damage per payment after bonuses.
reed_cut	earth	1	3.0	world	world	Reed Cut	Cuts kelp, seagrass, sugar cane and lily pads within 3 blocks of the point, up to 12. Kelp and cane keep their base to regrow.
reeling_tide	frost	1	2.0	world	world	Reeling Tide	Reels in your bobber with the rod in your hand. A fish that is biting is caught as usual.
reflect	arcane	3	16.0	helpful	support	Reflect	For 10 seconds, whatever hurts the target takes 60% of the damage back as arcane damage that ignores armour. Each reflection cracks it (6 at most).
refloat	frost	1	3.0	world	world	Refloat	Fish, squid and dolphins stranded on land within 6 blocks are set back in water within 8 blocks.
regrowth	life	2	10.0	helpful	support	Regrowth	Regeneration that takes hold: I for 3 seconds, II for 3, III for 2 (about 7 health).
relic_sense	earth	1	3.0	world	world	Relic Sense	Suspicious sand and gravel within 12 blocks glow for 20 seconds, and you hear how many there are.
remedy	life	2	10.0	helpful	support	Remedy	Cures what ails and turns it to good (poison to Regeneration, slowness to Speed, weakness to Strength...) for half its time; heals 4 and gives Regeneration I for 6 seconds. A zombie villager it touches is weakened, ready for a golden apple.
rend	blood	1	5.0	harmful	control	Rend	Rends armour: targets lose 4 armour for 10 seconds, and what they naturally resist they take at full strength.
repel	wind	2	9.0	harmful	damage	Repel	A violent outward blast: 4 damage and hurls everything within 3 blocks away (light creatures far, heavy ones barely). On enemies just pulled in, it sets off Collapse.
resonance	arcane	3	14.0	harmful	damage	Resonance	5 damage and a cursed mark for 10 seconds. Up to 4 other marked enemies within 16 blocks take half of it too, once each per cast.
resonant_shriek	void	3	18.0	harmful	damage	Resonant Shriek	A sculk shriek: 8 damage that ignores armour, a stagger, and Darkness for 6 seconds. A second later it echoes for half as much.
restock	void	2	5.0	world	world	Restock	Tops up your hotbar stacks from the chest hit.
restore	life	3	14.0	helpful	support	Restore	Puts things back: heals 4, puts out fire, and mends 8% of every worn and held item's durability (an item once a minute).
reveal	arcane	1	3.0	harmful	control	Reveal	Makes targets glow through walls for 15 seconds, strips their invisibility and leaves them exposed for as long (an arcane mark).
reversal	life	4	28.0	helpful	support	Reversal	For 30 seconds, one killing blow is reversed: back to half health instead of dying. Once death has been cheated, nothing turns it back again for a minute.
rewind	time	4	26.0	helpful	time	Rewind	Turns back the clock: return to where you were 5 seconds ago, if it is safe, with the health you had then if it was more.
riftbolt	storm	3	18.0	harmful	damage	Riftbolt	A black bolt for 7 damage that tears the target through a rift up to 5 blocks away, left in Darkness for 3 seconds.
riftcall	void	3	18.0	harmful	damage	Riftcall	Opens a rift at the point for 3 seconds: it drags enemies within 5 blocks toward it for 2 damage a second, then snaps shut on them for 6. It gapes wider for every creature it holds (up to 5): half a block of reach and 1 more damage each.
rime_causeway	frost	3	16.0	world	movement	Rime Causeway	Condenses wind into an ascending three-wide ice causeway. Lasts eight seconds, leaves no farmable ice and cushions allies when it fades.
rime_seal	frost	3	16.0	harmful	control	Rime Seal	Writes a frost seal 3 blocks across on the ground for 6 seconds. An enemy that stands in it for a second freezes solid for 1.5 seconds (1 on players) and takes 3 damage, once each.
ripen	time	2	7.0	world	world	Ripen	Hurries each crop, stem, berry bush and nether wart in a 5-by-5 patch one stage on (two at 1.5 power, three at most). Ripe ones are left as they are.
riposte	time	3	16.0	helpful	support	Riposte	For 10 seconds the ally sees the next 2 blows coming: each is sidestepped, and answered at once with the blow's own damage (4 to 12) to whoever struck.
ripple	storm	2	10.0	harmful	damage	Ripple	Sunlight through the body: 6 damage, doubled against undead, and you heal a quarter of what it took. Half a second later it ripples out: 3 to every other enemy within 2.5 blocks, and you heal 1 for each.
riser	earth	2	8.0	world	world	Riser	Carves a stair 5 steps up the way you face (iron-pickaxe hardness; Amplify for diamond). Stops short of lava or water.
root	earth	2	9.0	harmful	control	Root	Vines hold targets in place for 3 seconds.
root_bulwark	life	3	16.0	world	world	Root Bulwark	Raises a living root wall that gives nearby allies brief Regeneration I. Lasts eight seconds, respects land protections and drops no wood.
root_carry	life	2	8.0	world	world	Root Carry	Two separate casts select and move one unchanged young Cinder Fern onto nearby visible soil. Selection lasts fifteen seconds; successful relocation starts a twenty-second rest. Refuses grown, changed, hidden, protected or unloaded roots.
rootsnare	life	2	11.0	harmful	control	Rootsnare	Mangrove roots burst up around the point: every enemy within 3 blocks is held for 1.5 seconds and takes 3 damage, then slowed for 4 seconds and cut by 1 damage for every 1.5 blocks it moves (5 at most).
ruin_sense	earth	2	6.0	world	world	Ruin Sense	Senses the nearest trail ruins and tells which way and roughly how far. Structure senses share a 30-second rest.
salve	frost	1	6.0	helpful	support	Salve	Heals 2, gives Regeneration I for 8 seconds and puts out fire.
sanctuary	arcane	3	20.0	world	world	Sanctuary	A 6-block circle for 30 seconds: no monster spawns there, and monsters inside are nudged out.
sandbar	earth	2	7.0	world	world	Sandbar	Raises a 12-block sandstone path at the water's surface the way you look, for 20 seconds.
sandstorm	earth	3	18.0	harmful	damage	Sandstorm	A sandstorm whirls at the point for 4 seconds: every enemy within 3.5 blocks takes 2 damage a second, can't see and is slowed.
sanguine_rite	blood	3	14.0	harmful	damage	Sanguine Rite	You pay 3 of your own health (never your last; more with Amplify, Overcharge and a crowd) for 12 damage that ignores armour.
sapflow	earth	2	7.0	helpful	support	Sapflow	Spring sap rises in you: Regeneration I for 8 seconds.
saplingrise	earth	3	12.0	world	world	Sapling Rise	Saplings and mushrooms in a 5-by-5 patch are urged to grow: up to 3 of them each get the growth of 8 bone meal.
saplingsow	earth	1	3.0	world	world	Sapling Sow	Plants saplings from your own inventory onto open dirt and grass in a 5-by-5 patch, two blocks apart: up to 4.
savor	time	1	4.0	helpful	support	Savor	For 5 minutes, food you eat fills you for longer.
scarecrow	wind	3	12.0	world	world	Scarecrow	Stands a ward of rustling wind on the spot for 20 seconds: rabbits, foxes and monsters within 5 blocks are shooed out of it once a second. Pets and farm animals stay put.
school_sight	arcane	2	5.0	world	world	School Sight	Fish, squid, dolphins, turtles and axolotls within 16 blocks of the point glow for 12 seconds.
sea_breeze	wind	2	6.0	helpful	support	Sea Breeze	Clears Mining Fatigue, Nausea and Hunger.
searing_edge	fire	2	8.0	helpful	support	Searing Edge	For 15 seconds the target's weapon sears: each melee hit it lands sets the foe alight for 4 seconds and deals 2 more fire damage.
second_bell	time	3	16.0	harmful	damage	Second Bell	Two visible electrodes ring after one and two seconds. Leaving the marked spot evades the second discharge. Two targets at most, eight total damage per payment after bonuses; no movement hold.
second_wind	life	3	20.0	helpful	support	Second Wind	For 20 seconds, the first blow that would kill the ally leaves them at 4 health instead, with Regeneration II and Speed II for 4 seconds and a gust that shoves enemies away. Once death has been cheated (by this or any other spell), it isn't again on them for a minute.
seethe	fire	3	16.0	harmful	control	Seethe	Traps each target in a bubble of boiling water for 2 seconds (1 fire damage every half second), then it bursts into scalding steam: 4 damage to every enemy within 2.5 blocks, blinded for 2 seconds and left soaked.
sentry	arcane	1	4.0	helpful	support	Sentry	Monsters within 16 blocks of the target glow for 10 seconds.
shackle	earth	2	9.0	harmful	control	Shackle	Chains each target to the spot for 5 seconds: it's yanked back if it strays more than 2 blocks, and the chain bites for 2.
shades	void	3	22.0	helpful	summon	Shades	Two shadow hounds rise from your shadow and hunt at your side for 15 seconds. They are frail (20 health) and bite hard only where the light is dim (level 7 or less); each bite leaves its target shadowed.
shadowstep	void	3	12.0	movement	movement	Shadowstep	You vanish and reappear right behind the first creature hit, facing its back. Your next blow on it within 3 seconds lands half again as hard.
shard_compass	arcane	3	12.0	world	damage	Shard Compass	Offer one carried raw iron, copper or gold sample to locate a nearby matching loaded permitted deposit with an accessible side. A successful find spends the sample and points a short graded pebble route; refusal preserves it. Never mines or creates rewards.
shelf_count	arcane	1	1.0	world	world	Shelf Count	At an enchanting table: how many bookshelves feed it, out of 15, and how many are blocked.
shellback	earth	2	6.0	helpful	support	Shellback	Resistance for 15 seconds, 30 in water or rain.
shield	earth	2	12.0	helpful	support	Shield	For 30 seconds, the next harmful spell cast at the target meets magic circles that spawn in front of it and stop it. A spell that cost more mana than the one that raised the Shield shatters them and goes through. The stronger the Shield, the more circles stack.
shieldwall	earth	2	12.0	helpful	support	Shieldwall	You and allies within 5 blocks can't be knocked back and get Resistance I for 8 seconds.
shipwreck_sense	frost	2	6.0	world	world	Shipwreck Sense	Senses the nearest shipwreck and tells which way and roughly how far. Structure senses share a 30-second rest.
shoal_herd	frost	1	3.0	world	world	Shoal Herd	Fish within 10 blocks of the point swim to it for 10 seconds.
shock	storm	1	7.0	harmful	damage	Shock	4 lightning damage that arcs to one more enemy nearby: it finds a wet or metal-armoured one first.
shore_sense	arcane	1	2.0	world	world	Shore Sense	Points to the nearest dry land within 48 blocks.
shoreup	earth	1	3.0	world	world	Shore Up	Props up hanging sand and gravel near the point with blocks from your pack. 8 at most.
shrug_off	wind	1	4.0	helpful	support	Shrug Off	Lifts the harmful effect with the most time left.
shulkershell	void	3	14.0	helpful	support	Shulkershell	Shuts the target in a shulker's shell for 4 seconds: 80% less damage and no knockback, but it can't move. When it opens, what it turned aside leaves as up to 3 bullets that seek the nearest enemies (6 damage each at most, and they float), and enemies within 3 blocks float up for 2 seconds.
siftfall	earth	1	3.0	world	world	Siftfall	Sand and gravel hanging over air above the point fall as items, up to 4 high.
sign_glow	life	1	2.0	world	world	Sign Glow	Makes the writing on signs within 6 blocks glow, front and back.
silence	arcane	2	9.0	harmful	control	Silence	Casters can't cast: a cast in hand is cut short and none can follow for 4 seconds (3 on players). Monsters are weakened for 6 seconds.
silklift	arcane	2	6.0	world	world	Silklift	Mines the block hit whole, as Silk Touch would. Never a chest or anything with contents.
singularity	void	3	22.0	harmful	damage	Singularity	A black hole opens where it lands for 2.5 seconds, drawing in enemies within 5 blocks and swallowing arrows and bolts, then bursts: 6 damage (1 more for each thing swallowed, up to 5), and they're flung outward.
sinkhole	earth	3	18.0	harmful	control	Sinkhole	The ground gives way: enemies within 3 blocks are dragged to its middle and pinned for 2 seconds (Slowness IV, no jumping), then crushed for 6 damage.
skaters_edge	frost	1	4.0	helpful	support	Skater's Edge	Speed for 30 seconds, Speed II when standing on ice.
skimstep	frost	2	8.0	helpful	support	Skimstep	Run across water for 15 seconds. Crouch to sink.
sky_reading	storm	1	1.0	world	world	Sky Reading	Reads the sky: the weather now and about how many minutes until it turns.
skyburst	fire	3	20.0	harmful	damage	Skyburst	Flings each target high into the air (3 at most); at the top of its flight it explodes and rains fire down: 7 damage to it and every enemy within 3 blocks of it or beneath it, setting them alight, and the wind that carried it fans the flames (Wildfire). Never breaks blocks.
skyglyph	wind	3	12.0	world	movement	Skyglyph	Writes a wind glyph where it lands for 10 seconds: an ally who steps on it is launched high and forward, an enemy thrown back 4 blocks.
skylatch	wind	3	14.0	helpful	damage	Skylatch	Lifts an ally about one block and holds vertical height for four seconds while lateral movement remains free. Crouch to release into two seconds of gentle descent. Refuses ceilings, flight abilities, anchors and warded arenas. At most eight allies per paid cast; eight-second target rest.
skyread	storm	1	2.0	world	support	Skyread	Tells you the weather, how long it will hold, the hour and the moon.
slime_sense	life	1	2.0	world	world	Slime Sense	Tells whether slimes can spawn underground in this chunk.
slowburn	life	1	5.0	helpful	support	Slowburn	Hunger drains half as fast for 10 minutes. Can be a passive.
sluice	frost	1	3.0	world	world	Sluice	Puts out fire within 4 blocks of the point, up to 24 blocks, campfires too, and anything burning there.
smelt	fire	2	6.0	world	world	Smelt	Mines the block that was hit and drops it smelted, as a furnace would (iron-pickaxe hardness; Amplify for diamond).
smite	arcane	3	16.0	harmful	damage	Smite	A ring closes at the target's feet; 0.7 seconds later a column of light deals 13 holy damage (doubled against undead) and strips Absorption.
smoke_signal	fire	1	2.0	world	world	Smoke Signal	A tall column of smoke rises where it lands for 2 minutes.
snuff_out	wind	1	1.0	world	world	Douse	Puts out the candles and campfires within 6 blocks.
snuffout	frost	1	3.0	world	world	Snuff Out	Puts out fire, campfires and candles within 4 blocks of the point.
soak_through	frost	1	3.0	world	world	Soak Through	Concrete powder within 2 blocks of the point sets and dirt turns to mud, up to 12 blocks.
soar	wind	3	18.0	helpful	movement	Soar	Wings of wind let you fly for 20 seconds: double-tap jump to take off, then jump and sneak to rise and sink. It can't be renewed mid-flight, and when the wind fades it sets you down gently, then your wings need 30 seconds' rest. A pull or a grounding wind tears it away, and it won't lift anyone in a warded arena.
softfoot	void	2	8.0	helpful	support	Softfoot	For 5 minutes, monsters more than 8 blocks away lose track of you, unless you struck them in the last 10 seconds. Can be a passive.
softsole	wind	1	3.0	helpful	support	Softsole	You don't trample farmland when you jump or step down onto it, for 10 minutes. Can be a passive.
sonic_boom	void	4	35.0	harmful	damage	Sonic Boom	16 damage that ignores armour, and everything else on the line between you and the target takes 8, through walls.
soothe	arcane	2	7.0	harmful	control	Soothe	A neutral creature forgets its anger and its target.
soulbond	life	3	16.0	helpful	support	Soulbond	Binds you and an ally for 10 seconds: any damage either of you takes is split between you. The bond breaks beyond 16 blocks.
soulfire	fire	3	16.0	harmful	damage	Soulfire	Blue soul flames: 3 fire damage a second for 5 seconds that water can't dull and the fire-proof can't shrug off, and the damage they deal gives you back a little mana (up to 5 a cast).
sounding	frost	1	3.0	movement	movement	Sounding	In water: dive fast for 2 seconds.
sow	earth	1	4.0	world	world	Sow	Plants seeds from your own inventory into the empty farmland of a 5-by-5 patch, one seed for each block. Nothing is planted that you don't carry.
span	arcane	2	8.0	world	world	Span	A bridge of glass grows from your feet toward the point, up to 16 blocks, and shatters 30 seconds later.
spawn_bearing	wind	1	1.0	world	world	Spawn Bearing	Tells which way the world spawn lies and roughly how far.
spawner_sense	void	2	5.0	world	world	Spawner Sense	Counts the monster and trial spawners within 32 blocks and points to the nearest.
spellbrand	arcane	2	8.0	harmful	damage	Spellbrand	Brands each target with a sigil for 8 seconds. The next time your magic hurts it, the sigil bursts for 7 damage of the element of the spell that set it off.
spire_sense	void	3	10.0	world	world	Spire Sense	In the End, senses the nearest End city and tells which way and roughly how far. Structure senses share a 30-second rest.
spook	void	2	8.0	harmful	control	Spook	Enemies flee from you for 3 seconds. Bosses and players are only slowed.
sporebloom	life	2	10.0	harmful	control	Sporebloom	Spores burst from a giant mushroom at the point: enemies within 3 blocks take Poison I and spore damage, and monsters among them turn on each other for 5 seconds (players get Nausea). Your allies there get 4 hunger back.
spring_draw	frost	1	2.0	world	world	Spring Draw	Fills an empty bucket in your hand with water. Without one, places a water source where you aim.
springbed	frost	3	14.0	world	damage	Springbed	Pours one safe Basinfill vessel, then grows up to eight existing bank crops or moist Moonreed buds by one stage. The new water must hydrate their soil. Never creates plants or opens mature Moonreed without pollinators. Once per paid cast.
springseek	frost	1	3.0	world	support	Springseek	For 30 seconds, blue motes point to the nearest water source within 24 blocks.
stairdelve	earth	2	8.0	world	world	Stair Delve	Carves a stair 5 steps down the way you face (iron-pickaxe hardness; Amplify for diamond). Stops short of lava, water or a drop.
stalactite	earth	2	9.0	harmful	damage	Stalactite	A stalactite drops on the spot each target stands on: 7 damage, 30% more against a bare head. Step aside and it misses.
stalkrise	earth	2	6.0	world	world	Stalkrise	Sugar cane and cactus in a 5-by-5 patch grow one block taller, never past three tall; bamboo grows as bone meal would grow it.
stand_pose	arcane	1	2.0	world	world	Stand Pose	Armor stands within 6 blocks gain arms and step to their next pose.
starchart	arcane	1	2.0	world	support	Starchart	Tells you where you are, which way you face, and how far it is to spawn.
starfall	arcane	4	32.0	harmful	damage	Starfall	Eight falling stars around the point over 2 seconds: 6 damage each. The first stars go to exposed enemies.
starfire	fire	3	16.0	harmful	damage	Starfire	Five motes of starfire seek up to five enemies within 6 blocks: 2 damage each, and they burn for 3 seconds.
starlight_tether	arcane	3	14.0	harmful	control	Starlight Tether	Tethers each target to the point with a thread of starlight for 5 seconds: it's dragged back if it strays 3 blocks, taking 1 damage each time (once a second at most).
starmaw	void	4	32.0	harmful	damage	Starmaw	Devours the light: 14 damage, and it swallows each of the target's good effects and wards (Foresight, Riposte, Reflect, Reversal, Infinity, Anchor) for 4 more damage apiece, and its absorption for 1 per heart.
starshard	arcane	3	16.0	harmful	damage	Starshard	A shard of the fallen star: 11 damage, then it splinters into 3 sparks that strike the nearest other enemies within 8 blocks for 4.
stasis	time	4	34.0	harmful	time	Stasis	Time stops for everything hit for 5 seconds. Every hit meanwhile is held, then lands all at once when time moves again.
staunch	frost	1	5.0	helpful	support	Staunch	Ends poison and wither and keeps them off for 10 seconds.
steady_brush	earth	2	5.0	world	world	Steady Brush	With a brush in hand, brushes up to 3 suspicious blocks near the point at once, hands free. The brush wears a point for each.
steam	fire	3	14.0	harmful	damage	Steam	A scalding burst of steam: 5 damage and Blindness for 3 seconds, and a cloud hangs where it burst: everything in it is blinded and left wet.
steedmend	life	1	4.0	helpful	support	Steedmend	Your mount, or the animal it touches, regenerates for 3 minutes.
steedsong	wind	2	8.0	helpful	support	Steedsong	Your mount, or the animal it touches, gets Speed II and Jump Boost II for 3 minutes.
stewpot	fire	1	3.0	world	world	Stewpot	Cooks bowls from your inventory into stew, as a crafting table would: a red and a brown mushroom make mushroom stew, six beetroots make beetroot soup. Up to 3 bowls.
stillbind	void	2	10.0	harmful	control	Stillbind	Holds the target in place for 3 seconds without harm. Bosses are only slowed.
stillwell	arcane	2	6.0	helpful	support	Stillwell	For 5 minutes, standing still for 3 seconds slowly refills your mana, up to 12.
stilt	earth	1	4.0	world	world	Stilt	Raises you on a packed mud column up to 5 high. It crumbles after 30 seconds.
stitchtime	life	3	16.0	helpful	support	Stitchtime	Heals the ally 4 and stitches the next 4 seconds: every wound they take meanwhile is counted, and when the time is up it all heals back at once (12 at most).
stocktake	arcane	1	3.0	world	world	Stocktake	Tells you the biggest stocks across the chests within 4 blocks of the point.
stoneform	earth	1	12.0	helpful	innate	Stoneform	For 8 seconds: no knockback, 20% less damage, and every blow you take from an attacker sends out an aftershock (at most once a second).
stoneskin	earth	2	12.0	helpful	support	Stoneskin	Resistance II for 10 seconds, and Slowness I: stone is heavy.
storm_glass	storm	1	1.0	world	world	Storm Glass	Tells how long until the weather turns.
stormclock	storm	3	16.0	harmful	damage	Stormclock	4 damage, and lightning strikes the same spot again 2 and 4 seconds later: 3 damage to enemies within 1.5 blocks each time.
stormheart	storm	1	12.0	helpful	innate	Stormheart	For 10 seconds, whatever hurts you (a blow of 2 or more) is struck by lightning (at most once a second).
stormweave	storm	3	18.0	harmful	damage	Stormweave	Marks up to 4 enemies within 6 blocks; a moment later lightning weaves between them all: 4 damage each, and 1 more for every other one caught in the web; a target alone takes 2 more.
stoutheart	earth	1	5.0	helpful	support	Stoutheart	Resistance I for 10 seconds (Amplify makes it II).
stow	void	2	5.0	world	world	Stow	Moves pack items the chest hit already holds into it. Your hotbar stays.
strata_rise	earth	2	9.0	world	world	Strata Rise	Raises a real five-wide, three-high stone wall over seven ticks. Lasts eight seconds, drops no material, respects protected land and cannot trap creatures.
stronghold_compass	void	3	12.0	world	world	Stronghold Compass	In the Overworld, tells which way the nearest stronghold lies, but never how far. Structure senses share a 30-second rest.
summit_wind	wind	3	14.0	harmful	damage	Summit Wind	A howling mountain wind: 5 damage and hurls every enemy within 3 blocks up and away, holding them aloft so they glide down out of the fight (a fifth stronger above y=120). On Self it carries you 12 blocks up and lets you glide down.
summon	arcane	4	30.0	helpful	summon	Summon	Three spirit wolves fight at your side for 20 seconds. While they live, your mana regenerates a quarter slower.
sun_reading	time	1	1.0	world	world	Sun Reading	Tells the time of day and how many minutes until dusk or dawn.
sunbask	fire	1	4.0	helpful	support	Sunbask	For 10 minutes, open daylight heals you a point every 6 seconds while nothing hurts you.
sunscorch	fire	3	16.0	harmful	damage	Sunscorch	The noon sun, focused: 8 fire damage and alight for 5 seconds, and the target glows for 6. Under open sky by day it burns 50% hotter and blinds; bright light of its own counts as dusk (25% hotter).
surefoot	earth	1	4.0	helpful	support	Surefoot	Step up full blocks without jumping for 5 minutes. Can be a passive.
surge	storm	3	16.0	helpful	support	Surge	Speed I and Strength I for 8 seconds; the blows you land in that time arc on to a nearby enemy for 2 (four arcs at most).
swap	arcane	2	6.0	movement	movement	Swap	You and the first creature hit trade places, instantly.
swift	wind	1	6.0	helpful	support	Swift	Speed III for 10 seconds, and it shakes off Slowness and frozen skin.
tackle_mend	arcane	1	4.0	helpful	support	Tackle Mend	Mends 16 durability of a held fishing rod, more with Power.
tarry	time	2	10.0	helpful	time	Tarry	For 5 minutes, your good effects run down at half speed.
taunt	blood	1	5.0	harmful	control	Taunt	Enemies hit turn on you for 6 seconds, and you get Resistance I for as long.
tempest	storm	3	22.0	harmful	damage	Tempest	A lightning strike for 8 damage, and a gale that hurls targets far away; where they come down a second bolt strikes for 4.
tend	earth	1	6.0	helpful	support	Tend	Heals a villager, golem, pet or animal for 8 (an iron golem for 16).
thawfield	fire	1	3.0	world	world	Thawfield	A warm breath melts the snow layers in a 5-by-5 patch away from crops and soil. Snow blocks and ice are left alone.
thresherwind	wind	3	12.0	world	damage	Thresherwind	Three travelling shear lanes harvest up to nine mature crops ahead of the impact. Replants only by consuming a real seed from each crop's drops. Collects this harvest, preserves full-inventory leftovers, respects loaded land and claims. Once per paid cast.
thunder_tide	storm	3	19.0	harmful	damage	Thunder Tide	Suspends real borrowed water inside electrical rings and drives it forward. Each enemy takes 5 damage once, is soaked and slowed for one second. Water returns safely.
thunder_walk	storm	3	16.0	world	movement	Thunder Walk	Builds five copper-lit wind stepping stones. Each enemy touching a stone takes 2 magic damage once per cast; allies receive slow falling before expiry.
thunderbird	storm	3	20.0	helpful	summon	Thunderbird	A storm bird circles above you for 12 seconds. Every 2 seconds it marks the enemy you last hit (or the nearest within 12 blocks) and dives on that spot for 4.5 damage: step aside and it misses. Two at most.
thunderclap	storm	2	12.0	harmful	damage	Thunderclap	A flash, then a crack of thunder: 5 damage within 3 blocks, and everything hit is stunned for half a second and, if it is a monster, forgets who it was hunting.
thunderhead	storm	3	20.0	harmful	damage	Thunderhead	A thundercloud gathers over the target for 4 seconds and strikes an enemy within 4 blocks of it every second: 2 damage, and the rain soaks it so the bolt conducts.
thunderquake	earth	3	20.0	harmful	damage	Thunderquake	The ground booms like thunder: three shockwaves roll out from where it lands over a second, reaching 2, 4 and 6 blocks. Each strikes every enemy it reaches for 4 and tosses it up, so the nearer, the harder: 12 at the heart.
thunderstep	storm	3	18.0	movement	movement	Thunderstep	You come down as a bolt of lightning where the spell landed (up to 24 blocks), right behind the first enemy it hit: 8 damage to every enemy within 2.5 blocks of you, stunned for half a second. On Self it strikes where you stand.
tidal_lift	frost	2	12.0	harmful	damage	Tidal Lift	Borrows up to three real water sources within four blocks, lifts them along a ten-block arc, then returns them. Each enemy takes 4 damage once and is soaked for five seconds. Needs nearby source water.
tide_lantern	arcane	1	2.0	world	world	Tide Lantern	A light at the point for 60 seconds that shines under water too.
tide_marker	arcane	1	2.0	world	world	Tide Marker	Sets a glowing buoy at the point for 5 minutes and tells you where it is. One per caster.
tidebreath	frost	1	4.0	helpful	support	Tidebreath	Water breathing and faster swimming for 30 seconds, and it douses you: fire goes out, and fire hits are softer while you drip.
tidecall	frost	3	16.0	harmful	damage	Tidecall	The tide crashes in at the point: 6 damage to every enemy within 3.5 blocks, dragging them into the middle (as a Pull does) and leaving them soaked. A crowd it bunches takes 1 more for each neighbour (4 at most).
tidehook	frost	2	9.0	harmful	control	Tidehook	A hook of water snags each target and reels it in to your feet in three tugs (a flyer is reeled down): 4 damage, it's left soaked and gasping for half a second when it lands.
tidewrit	frost	4	30.0	harmful	damage	Tidewrit	Writes the tide: a 7-wide wall of water rolls from you through the point, 10 damage to everything in it, sweeping it about 11 blocks on, soaked.
tillage	earth	1	3.0	world	world	Tillage	Tills the dirt and grass in a 5-by-5 patch around the block it strikes into farmland, as a hoe would. Widen reaches further; never more than 32 blocks a cast.
tilth	earth	1	3.0	world	world	Tilth	Loosens the coarse and rooted dirt in a 5-by-5 patch into plain dirt; rooted dirt sheds its hanging roots, as a hoe would.
time_skip	time	3	14.0	movement	time	Time Skip	Time skips ahead: you vanish, reappear up to 8 blocks forward on safe ground, and nearby monsters lose track of you. For a moment after, nothing can hurt you (not again for 5 seconds).
timesteal	time	3	16.0	harmful	control	Timesteal	Steals up to 2 of the target's good effects, with the time they had left (at most 30 seconds), and gives them to you. With nothing to steal it steals a moment: the target drags, and you are quickened, for 2 seconds.
tinker_hum	earth	2	10.0	helpful	support	Tinker's Hum	For 5 minutes, a worn tool or piece of armor you carry mends a point every 10 seconds, up to 30.
toolmend	arcane	2	8.0	helpful	support	Tool Mend	Mends the tool in the target's hand with its repair material from your pack: a quarter for each, 4 at most.
torchfall	fire	2	6.0	world	world	Torchfall	Sets up to 6 torches from your pack on the darkest floor near the point, 5 blocks apart.
trade_renew	time	3	10.0	world	world	Trade Renew	A villager with a trade restocks every offer. Each villager only once a day.
trail_blaze	fire	1	2.0	world	world	Trail Blaze	Sets a glowing end rod on the face it hits for 5 minutes, to mark the way back. It drops nothing.
trailblaze	life	1	3.0	world	support	Trailblaze	For 10 minutes, you leave green crumbs every 6 blocks that only you can see. Up to 40.
transfusion	blood	3	12.0	helpful	support	Transfusion	You give up to 4 of your own health (never below 2), and the ally heals three times what you gave and is cured of one harmful effect.
treasure_sense	arcane	1	4.0	helpful	support	Treasure Sense	For 60 seconds, Luck II, and the nearest unopened treasure chests and suspicious blocks within 24 blocks sparkle now and then.
tremor	earth	3	18.0	harmful	damage	Tremor	The ground erupts: 8 damage to enemies within 4 blocks, throwing them up.
trot	wind	2	6.0	movement	movement	Trot	Your mount (or the horse you strike) gets Speed II and Jump Boost I for 20 seconds. Cast on yourself while riding.
truce	arcane	3	16.0	harmful	control	Truce	Every enemy within 8 blocks is pacified for 4 seconds. Not bosses.
tunnel	earth	2	8.0	world	world	Tunnel	Bores a tunnel 2 high and 4 deep into the wall that was hit (up to iron-pickaxe hardness; Amplify for diamond).
tusk_charge	earth	2	9.0	movement	movement	Tusk Charge	You charge like a hoglin, up to 8 blocks the way you look, tossing everything in your path into the air: 3 damage, and 0.8 more for every block you ran up (9 at most).
twin_star	arcane	1	12.0	helpful	innate	Twin Star	Your next spell within 6 seconds is cast twice.
umbra	void	1	6.0	harmful	damage	Umbra	The dark bites: 4 damage, doubled where the light is dim (level 7 or less, or under an Eclipse), and it leaves the target shadowed.
unburden	void	2	6.0	world	world	Unburden	Moves your whole pack into the chest hit, as far as it has room. Your hotbar stays.
undertow	frost	2	9.0	harmful	control	Undertow	Drags each target down: Slowness III for 3 seconds and soaked. Out of the water it hauls the target toward the nearest water within 6 blocks (with none near, the ground turns to slurry for 3 damage); in water it's pulled under and takes 5.
unpack	earth	1	3.0	world	world	Unpack	Turns up to 4 storage blocks in your pack back into nine pieces each.
updraft	wind	3	16.0	harmful	control	Updraft	Hurls enemies within 2.5 blocks high into the air, where every spell hits them harder; a moment later a downdraft smashes them back down for 4 damage.
upwell	frost	1	3.0	movement	movement	Upwell	In water: rush up toward the surface.
veil	void	2	10.0	helpful	support	Veil	Invisibility for 12 seconds, and nearby monsters lose track of you. The first damage you deal from it lands half again as hard, and ends it.
vein	earth	2	10.0	world	world	Vein	Mines the block that was hit and, if it's an ore, every matching ore joined to it (up to 16; iron-pickaxe hardness; Amplify for diamond).
venom	life	2	8.0	harmful	damage	Venom	2 damage now and 0.75 a second for 4 seconds, with Poison I: it can kill and works on undead and spiders. The poisoned pass it on, once, to up to 3 enemies within 2.5 blocks.
village_sense	wind	2	6.0	world	world	Village Sense	Senses the nearest village and tells which way and roughly how far. Structure senses share a 30-second rest.
vinelash	life	2	9.0	harmful	damage	Vinelash	A thorned vine lashes each target: 5 damage, and it's yanked 4 blocks toward you and tripped (Slowness II for 2 seconds).
void_step	void	2	6.0	world	world	Void Step	A platform of end stone forms under your feet and crumbles from the edge after 6 seconds.
warcry	blood	2	10.0	helpful	support	Warcry	A war horn sounds: you and your allies within 8 blocks of the target gain Strength I and Speed I for 12 seconds, and each kill one of you makes meanwhile heals that one for 1.
warm_cloak	fire	1	4.0	helpful	support	Warm Cloak	You can't freeze for 10 minutes, even in powder snow. Can be a passive.
warp	void	3	12.0	movement	movement	Warp	You and the first creature hit swap places through the void, and you come out unseen for a second. An enemy is left pulled and reeling: Slowness II and Nausea for 2 seconds.
warp_step	void	2	8.0	movement	movement	Warp Step	Steps you to where the spell landed (up to 24 blocks). 3 seconds later you're pulled back, unless you're sneaking.
watchweft	arcane	2	8.0	world	world	Watchweft	Watches a visible dry floor for forty-five seconds. Gives its owner one private warning only after a visible monster targeting them crosses into three blocks in consecutive complete samples. Remain within sixteen blocks; ninety-second rest.
water_reading	arcane	1	1.0	world	world	Water Reading	Tells whether your bobber sits in open water (needed for treasure) and whether rain is speeding up bites.
wayfarer_hymn	wind	3	16.0	helpful	support	Wayfarer's Hymn	You and allies within 10 blocks get Speed I and Jump Boost I for 3 minutes. It ends for anyone who strikes.
wayline	arcane	3	18.0	movement	damage	Wayline	Latch a short line to owned safe ground within six blocks. Hold forward for a bounded two-second tow; crouch to release. Normal collision remains, no one else is moved, and no flight ability is granted.
waymark	arcane	1	3.0	world	world	Waymark	Raises a pillar of light only you can see, from 160 blocks, for 10 minutes. Up to 3 at once.
weigh	earth	2	8.0	harmful	control	Weigh	Crushingly heavy for 5 seconds: triple gravity, barely able to move or jump, and fliers are dragged down.
whistle	wind	1	3.0	world	support	Whistle	Your pets within 48 blocks that aren't sitting or leashed come to your side.
wildflower	earth	1	3.0	world	world	Wildflower	Sows wild flowers onto the open grass in a 5-by-5 patch: up to 6 flowers, more when widened.
wind_steps	wind	2	8.0	world	movement	Wind Steps	Forms five real wind platforms ahead, ascending one block every two steps. Lasts eight seconds; allies standing on expiring steps get three seconds of slow falling.
windcut	wind	1	6.0	harmful	damage	Windcut	A cutting wind: 4 damage and a light shove, and it breaks what the target is winding up: a charge, a bow's draw, a creeper's fuse, a spell.
withdraw	wind	3	14.0	helpful	support	Withdraw	An ally below half health turns invisible with Speed II for 4 seconds, and its hunters lose track of it.
wither	void	4	25.0	harmful	damage	Wither	Wither IV for 6 seconds: it spreads to whoever strikes it in melee, and the withered can't heal.
worst_first	arcane	1	10.0	helpful	support	Worst First	Heals the most hurt ally within 8 blocks of where it lands (you too) for 6.
wreck_sense	arcane	2	6.0	world	world	Wreck Sense	Chests and barrels under water and suspicious sand and gravel within 20 blocks shine for 15 seconds, up to 12.
wring	frost	2	6.0	world	world	Wring	Soaks up water like a sponge within 2 blocks of the point, up to 24 blocks.
zephyr	wind	3	14.0	helpful	support	Zephyr	A warm breeze that clears the air: allies within 4 blocks get Speed I, Jump Boost I and Regeneration I for 10 seconds, and it blows away blindness, darkness, nausea and slowness.
zipper	void	2	7.0	movement	movement	Zipper	Unzips the wall in front of you and steps you through up to 6 blocks of solid wall (never one that isn't yours to open).
